Vorname;Nachname;E-Mail
Barbara;Ammon;barbara.ammon@bsi.bund.de
Marc;Binder;marc.binder@bsi.bund.de
Nelleke;Blok;nelleke.blok@bsi.bund.de
Caroline;Bock;caroline.bock@bsi.bund.de
Wolfgang;Börger;wolfgang.boerger@bsi.bund.de
Catharina;Chlupaty;catharina.chlupaty@bsi.bund.de
Claudia;Hees;claudia.hees@bsi.bund.de
Ludwig;Cornely;ludwig.cornely@bsi.bund.de
Imane;El Achchi;imane.elachchi@bsi.bund.de
Cornelia;Engelmann;cornelia.engelmann@bsi.bund.de
Elena;Erdem;elena.erdem@bsi.bund.de
Jan;Ewringmann;jan.ewringmann@bsi.bund.de
Manuel;Fischer;manuel.fischer@bsi.bund.de
Inke;Gelfert;inke.gelfert@bsi.bund.de
Dieter;Gerhard;dieter.gerhard@bsi.bund.de
Marie-Claire;Gödde;marie-claire.goedde@bsi.bund.de
Christian;Grohmann;christian.grohmann@bsi.bund.de
Michaela;Hansert;michaela.hansert@bsi.bund.de
Lina;Harich;lina.harich@bsi.bund.de
Christine;Hau;christine.hau@bsi.bund.de
Daniel;Heinze;daniel.heinze@bsi.bund.de
Lucas;Hergarten;lucas.hergarten@bsi.bund.de
Matthäus;Hoffmann;matthaeus.hoffmann@bsi.bund.de
Christian;Hubatsch;christian.hubatsch@bsi.bund.de
Mehmet Ali;Kanatli;mehmet.kanatli@bsi.bund.de
Till;Kleinert;till.kleinert@bsi.bund.de
Nora;Kluger;nora.kluger@bsi.bund.de
Hanno;Koop;hanno.koop@bsi.bund.de
Michael;Krauß;michael.krauss@bsi.bund.de
Kay;Kretschmar;kay.kretschmar@bsi.bund.de
Ronja Anouk;Krüger;ronja.anouk.krueger@bsi.bund.de
Manuel;Loose;manuel.loose@bsi.bund.de
Richard;Mach;richard.mach@bsi.bund.de
Helena;Marx;helena.marx@bsi.bund.de
Kai;Redeker;kai.redeker@bsi.bund.de
Tanja;Reitenberger;tanja.reitenberger@bsi.bund.de
Vanessa;Rosellen;vanessa.rosellen@bsi.bund.de
Sonja;Rutow-Reinartz;sonja.rutow-reinartz@bsi.bund.de
Diana;Sachert;diana.sachert@bsi.bund.de
Lisa;Schäfer;lisa.schaefer@bsi.bund.de
Benedikt;Scherer;benedikt.scherer@bsi.bund.de
Jana;Schmalisch;jana.schmalisch@bsi.bund.de
Kerstin;Schönherr;kerstin.schoenherr@bsi.bund.de
Anja;Schütze;anja.schuetze@bsi.bund.de
Julia;Schuh;julia.schuh@bsi.bund.de
Melanie;Schulz;melanie.schulz@bsi.bund.de
Holger;Siebentritt;holger.siebentritt@bsi.bund.de
Leonie;Stark;leonie.stark@bsi.bund.de
Timo;Steffens;timo.steffens@bsi.bund.de
Oliver;Steimel;oliver.steimel@bsi.bund.de
Erik;Velten;erik.velten@bsi.bund.de
Martina;Weiland;martina.weiland@bsi.bund.de
Jessika;Welticke;jessika.welticke@bsi.bund.de
Christoph;Wiemers;christoph.wiemers@bsi.bund.de
Katja;Zierleyn;katja.zierleyn@bsi.bund.de
Anja;Zimmermann1;anja.zimmermann1@bsi.bund.de
Martin;Zimpel;martin.zimpel@bsi.bund.de
Maximilian; Berndt;maximilian.berndt@bsi.bund.de
Janine;Bialas;janine.bialas@bsi.bund.de
Hanna;Heuer;hanna.heuer@bsi.bund.de
Jasmin;Kreutz;jasmin.kreutz@bsi.bund.de
Jan;Lammertz;jan.lammertz@bsi.bund.de
